comment_id,body,target_reason,subreddit_id,assigned_rule_cluster,predicted_cluster,assigned_cluster_norm,predicted_cluster_norm
31793,Native is just another word for loser.,(r baiting/intentionally inflammatory,t5_2x5s1,C - 21,C - 14,C - 21,C - 14
15872,Clowns like you wouldnâ€™t step foot in Iran or Russia.,(r uncivil/disrespectful/ad hominem,t5_2x5s1,C - 16,C - 14,C - 16,C - 14
14622,When does it drop for ios?,"incivility, overly cruel or hostile",t5_2xhvq,C - 14,C - 14,C - 14,C - 14
10943,"Thatâ€™s awesome, I need to try and visit some mines next time Iâ€™m over",being uncivil,t5_2sokd,C - 13,C - 14,C - 13,C - 14
12067,I donâ€™t think youâ€™ve actually read my post if thatâ€™s what you took from it,rule b -d party/devils advocate/soapboxing (ops only),t5_2w2s8,C - 27,C - 08,C - 27,C - 08
28472,"Irrespective of if it's true of not, surely this would be a violation of at least one of Reddit's major rules and should get them a global ban?","incivility, overly cruel or hostile",t5_2xhvq,C - 14,C - 08,C - 14,C - 08
25206,Enough with the lies and ignorance. Go and dwell in a mud hut.,post in a civilized manner,t5_2qhvo,C - 12,C - 14,C - 12,C - 14
23546,"> Polizisten in voller Montur kÃ¶nnten aber manchmal bedrohlich wirken. Auf keinen Fall hÃ¤tten die Beamten den Jugendlichen aufgefordert, Fotos zu lÃ¶schen â€“ dafÃ¼r gebe es keine Rechtsgrundlage. 
>
> MÃ¶glicherweise hÃ¤tten die Beamten lediglich gesagt, sie fÃ¤nden es nicht gut, im Einsatz gefilmt zu werden. GelÃ¶scht habe der 15-JÃ¤hrige die Bilder aus eigenem Antrieb.

Jo. Das ergibt natÃ¼rlich alles Sinn. Wie wenn ein InkassoauÃŸendienstler sagt er fÃ¤nd echt nicht dufte, wenn sein Klient kein Geld erhÃ¤lt.",post in a civilized manner,t5_2qhvo,C - 12,C - 08,C - 12,C - 08
16017,"Dude every other sentence from you included ""fuck"" and I was being uncivilized? You disagreed with me, look at your posts, they are all downvoted cuz no one agrees with your extreme right wing trump ideas. Go back to America.",post in a civilized manner,t5_2qhvo,C - 12,C - 14,C - 12,C - 14
27470,I am seriously going to enjoy these.,rule b -d party/devils advocate/soapboxing (ops only),t5_2w2s8,C - 27,C - 14,C - 27,C - 14
4953,"I'm not going to question you or anything, but I was just trying to find out what this mmorpg I played a long time ago, you know? and I thought this would be a good place to ask, is there anything I can remove or change for this post to be accepted? If not, ok",toxic behavior,t5_2qlxw,C - 14,C - 14,C - 14,C - 14
26970,Why not Goal Zero?,rule b -d party/devils advocate/soapboxing (ops only),t5_2w2s8,C - 27,C - 02,C - 27,C - 02
26145,"[https://en.wikipedia.org/wiki/Israel\_Hayom](https://en.wikipedia.org/wiki/Israel_Hayom)

>Israel Hayom is Israel's most widely distributed newspaper.",post in a civilized manner,t5_2qhvo,C - 12,C - 02,C - 12,C - 02
1923,[deleted],"no hate-speech, personal attacks or harassment",t5_3h47q,C - 04,C - 13,C - 04,C - 13
19150,Maybe read what I wrote again â€œsweetieâ€ ðŸ‘ðŸ»,respect one another,t5_2sjms,C - 07,C - 14,C - 07,C - 14
13150,omg whaat!,"be nice, be welcoming, and be constructive",t5_2rsu8,C - 08,C - 12,C - 08,C - 12
29113,"Nah, you are undereducated. You arenâ€™t worth even my light work. Off you go now kiddo. Back to trolldom in The Ettenmores. 

I refuse to have a battle of wits with someone so obviously unarmed.",be friendly,t5_2qho4,C - 06,C - 14,C - 06,C - 14
26285,"Feedback Thread kommt passend:

Ich habe gestern in einem Thread einen Ã¼bersetzten [Ausschnitt einer Rede vom obersten Iranischen FÃ¼hrer geteilt](https://i.imgur.com/3miSLDj.png), da dies aktuell zu den Nachrichten und Kommentar-Spalten gepasst hat und weil Leute PrimÃ¤r-Quellen (wenn auch Ã¼bersetzt) oft interessant finden.

Dann habe ich das Mod-Team angeschrieben, weil ich gemerkt hatte dass mir plÃ¶tzlich Rechte gefehlt hatten und mir wurde gesagt, dass ihr diese nicht entziehen kÃ¶nnt und ihr das auch nicht ohne Angabe von einem Grund machen wÃ¼rdet.

Am nÃ¤chsten Morgen sehe ich, dass ihr meinen [ganzen Thread ohne Kommentar gelÃ¶scht](https://www.reddit.com/r/de/comments/k46up4/da_aktuell_in_vielen_kommentaren_erz%C3%A4hlt_wird_wie/) **habt. Auf** [Mod-Mail](https://i.imgur.com/710Yett.png) **Nachfrage wurde nicht reagiert**.

Klar, merke ich, dass ihr euch anscheinend uneinig wart, denn der Kommentar eines Users der seine Copy+Paste Propaganda gepostet hat wurde auch gelÃ¶scht.

Aber warum mein Post ganz ohne Angabe von einem Grund lÃ¶schen? Was war der Grund?",rule b -d party/devils advocate/soapboxing (ops only),t5_2w2s8,C - 27,C - 31,C - 27,C - 31
4891,"NTA. HOW OLD IS THIS, LOON? He surely canâ€™t be an adult because that is one of the most childish things Iâ€™ve ever heard of. Youâ€™re lucky that he is now an ex!","incivility, overly cruel or hostile",t5_2xhvq,C - 14,C - 14,C - 14,C - 14
16086,How is that illegal?,"no uncivil behavior, witch hunting, etc",t5_3560n,C - 02,C - 14,C - 02,C - 14
9181,"We would not keep visiting for 75 years and never make contact.

Stop assuming just because aliens are alien that all logic goes out the door. Itâ€™s just a way to excuse why it makes no sense for dozens of different aliens all keep visiting and teasing the locals but never do the obvious, actually contact and communicate with the residents of this planet that is so interesting. There is literally nothing special about earth except itâ€™s inhabitants and yet thatâ€™s exactly who they keep avoiding talking to. They already competed their surveys and initial investigations decades or hundreds of years ago, all thatâ€™s left now is to land and come out and chat. But, I get it, wave your hands and repeat, â€œthey are alien so no logic needs apply, hell, ignore physics too, why not because we used the magic word â€œaliensâ€. All excuses to coverup the utter and total lack of any hard evidence.",follow the standards of civility,t5_2qhds,C - 10,C - 08,C - 10,C - 08
10333,"FoUnD ThE LiBTard

piss off you stupid drooling redhat.

First of all, a simple look at demographics shows there are million and millions of more voters who identify as ""liberals"" than there are conservatives republican . There is a reason why your morons always lose the popular vote.

The majority of people in this country supported the ""general idea of the bill"" in one poorly worded question in a poll, that is not evidence that they'd support  the legislation if they actually read the legislation and could grasp how its intentionally poorly written and vague nature is an intentionally designed to specifically target and discriminate against homosexuals in k-12 education.",rule b -d party/devils advocate/soapboxing (ops only),t5_2w2s8,C - 27,C - 08,C - 27,C - 08
2757,Is that the one where you automatically get labelled an anti-semite and banned for being a leftist?,civility,t5_hcycg,C - 10,C - 08,C - 10,C - 08
32879,Then you are very naive,rule b -d party/devils advocate/soapboxing (ops only),t5_2w2s8,C - 27,C - 14,C - 27,C - 14
20810,What do you mean? Iâ€™m simply asking what games that are like that nothing wrong with asking is there? I mean if so then Iâ€™m sorry? Iâ€™m not toxic why would I be? I hate toxic fandoms Iâ€™m nothing like themâ€¦. Please understand that Iâ€™m just asking for suggestions is that so wrong of me?,toxic behavior,t5_2qlxw,C - 14,C - 14,C - 14,C - 14
33,"&gt;Typical banking

Seriously? Why would that be your point of reference? You kno what I lse has a higher overhead than ""typical banking""? Banks that only have online footprints! Using credit cards instead of checks or cash!","personal insults, homophobia, sexism, racism, etc",t5_2qh2s,C - 29,C - 08,C - 29,C - 08
13284,"It was a sexist comment, but your girlfriend overreacted. Is she on her period?","incivility, overly cruel or hostile",t5_2xhvq,C - 14,C - 14,C - 14,C - 14
24011,"Hey sorry for reviving the thread, just wanted to tell you youâ€™re an asshole",civility,t5_2se6p,C - 10,C - 14,C - 10,C - 14
24188,"I mean, this might just be a personal difference, but if I'm watching a movie and someone just takes a sip out of a pepsi can, that doesn't automatically drag me out of immersion at all. Because taking a sip of a branded beverage is actually a normal activity that people in real life do all the time, so it doesn't register to me as unusual enough to notice. There have been times where I've totally not noticed product placement in media until the second or third viewing, because it was placed into the scene naturally and subtly enough that I wasn't paying conscious attention to its presence. (My subconscious probably noticed it and was influenced by it, which would probably make it effective marketing, but that's a different topic.)

What takes me out of the movie is when the movie *unnaturally emphasizes* the pepsi can in some way. For example, if they frame the shot of the person drinking so that the can is in the focal area of the screen instead of the person's head; or if they leave the branded beverage in grame for an unusually long amount of time. If the brand logo is conspicuously displayed in the background of an important scene, or if it's mentioned by name in the dialogue in a way that's not entirely natural. When the movie places any undue amount of *focus* on the existence of the branded object, as though it were relevant to the story or plot (like, say, the brand of soda was an important clue to the identity of the killer or something), but it's not actually part of the story or plot. That's when the presence of product placement actively interferes with my enjoyment of a movie, because the movie itself is actively being interfered with.

Now, when it comes to controversial political/social topics like the inclusion of gay people in media - in instances where they aren't an integrated part of the story, themes, or plot - I think it's fair to consider this in similar terms. Is the movie *unduly focusing* on the existence of this topic? (In, again, a way that isn't part of the story?) Are they unusually framed or given an unusually long amount of time on screen? Do characters bring up the existence of these gay people in situationally unnatural dialogue? Are they being focused on any more than a straight couple would be focused on in the exact same scenario? Because if not... it's not actually interrupting the movie in any way. It's simply being *included*. And if the sheer inclusion of a gay couple is so shocking to you that it completely drags you out of the movie and into thinking about why the hell a company would do that, then like, not to put too fine a point on it, but maybe the movie isn't the primary source of the problem here...?

Ultimately, I get the whole thing about being sick of rainbow-washing and corporate hypocrisy. I do. I'm not blind to Disney's lengthy list of flaws, and I'm no more thrilled than the next millenial to have corporate suits trying to shill me focus-group palatable mass-market bullshit. But personally, I think that on the whole it's a *good* thing that corporations are trying to pander to the LGBT demographic, because it means __we're winning the culture war__. We and our allies are now a sizeable enough demographic to be catered to, and they're simping for our dollars like they simp for everyone else's dollars. We're being included and normalized! Our existence in films and media is *what we've been fighting for* for years! Even if you hate Disney, how can you be so jaded as to not see this as a win!",rule b -d party/devils advocate/soapboxing (ops only),t5_2w2s8,C - 27,C - 08,C - 27,C - 08
13019,And she might be. But Iâ€™m going to label her a succubus until proven otherwise. Lol.,"incivility, overly cruel or hostile",t5_2xhvq,C - 14,C - 30,C - 14,C - 30
13051,Reddit is beholden to the mods.  If the right mod sees the report and he agrees with the post nothing will happen.  If They don't you'll be banned.  It's definitely not administrated evenly.,be friendly,t5_2qho4,C - 06,C - 31,C - 06,C - 31
30715,They do it to people in cars too.,uncivil behavior,t5_2qnkr,C - 16,C - 16,C - 16,C - 16
13494,"No, because I didn't ""throw a hissyfit"" now either, no one else is either, people are just disappointed and they have a good reason to be so, the weird part is when someone goes around attacking those people while calling them out for ""throwing hissyfits"" in a desperate attempt to defend a corporation. Thats weird. But can you explain why people shouldnt be let down by the announcement? Or should they just ""be grateful""?","no hate-speech, personal attacks or harassment",t5_3h47q,C - 04,C - 08,C - 04,C - 08
5401,"OP literally said he offered not to host them. He offered to put them up in a hotel and have them over for a single, brief meeting, just so they can meet the kids. Your the one being dense, read the posts updates. The mother didn't even say she wasn't up to it, her only explanations was that she is a mother and she chooses who gets to interact with the kids. But your falling overself to defend a position that they never even took, desperately rationalizing a way to peice together a reason to defend her because shes a woman and a mom.","incivility, overly cruel or hostile",t5_2xhvq,C - 14,C - 14,C - 14,C - 14
7688,"As the basis for what isn't ""overly clever thinking, secrecy, etc which are the norms of military fiction"" and ""not flights of fancy or chess master nonsense,"" what's the problem?",be kind,t5_2qknd,C - 06,C - 08,C - 06,C - 08
14157,Are you dumb ? Restoration is one of the key things tied to solar 3.0. Thatâ€™s like saying every class and subclass should get invis or volatile rounds.,"no uncivil behavior, witchhunting, etc",t5_2vq0w,C - 02,C - 14,C - 02,C - 14
32325,"Like i said, don't need to. Anyway, i kinda have more important shit to attend to, so, nice chat, faggy. ðŸ˜€",no abuse / harassment / witch-hunting,t5_2v7zr,C - 02,C - 14,C - 02,C - 14
17587,The PC police just continues to ruin Who,be kind,t5_2qknd,C - 06,C - 30,C - 06,C - 30
31554,"**Replays/alternate angles**

*I am a bot, and this action was performed automatically. Please [contact the moderators of this subreddit](/message/compose/?to=/r/nba) if you have any questions or concerns.*","incivility, overly cruel or hostile",t5_2xhvq,C - 14,C - 27,C - 14,C - 27
31579,"I don't think you have reading comprehension as you aren't grasping the very simple original point, which was that one would assume that paying a debt early would be looked at as a good thing.  I didn't say that was how the system worked.  It was a simple remark.  Do you understand this concept?",be nice. (don't be a dick.),t5_2qmhl,C - 06,C - 08,C - 06,C - 08
14467,"I have this option enabled, but it only works when OSRS is on the same screen as DbD. I can see the frame rate shoot back up as soon as I drag OSRS to my second monitor.",be respectful to others,t5_2rnve,C - 08,C - 02,C - 08,C - 02
22106,"&gt;I strongly suspect that you are married to a ~~narcissist~~ man.

FTFY","incivility, overly cruel or hostile",t5_2xhvq,C - 14,C - 08,C - 14,C - 08
23446,10500 and 1660 good combo?,be respectful to others,t5_2rnve,C - 08,C - 14,C - 08,C - 14
10302,"I mean I donâ€™t encourage, but if thatâ€™s the path the Convo takes then Iâ€™ll chime in with Iâ€™ve got a nice drug stash for my last moments and well letâ€™s just say Iâ€™m rarely down voted. But we disagree moron how to fix shit",be respectful to others,t5_2qhw9,C - 08,C - 06,C - 08,C - 06
15212,"i wasnâ€™t talking about the leviathan i was talking about the weapons, dumb cunt. and you said he would miss out on â€œgood contentâ€ right? whatâ€™s part of that so called â€œgood contentâ€ oh yeah, the subclass reworks. use your brain for once you fucking retard.","no uncivil behavior, witchhunting, etc",t5_2vq0w,C - 02,C - 14,C - 02,C - 14
9714,help me I'm dead,"no uncivil behavior, witchhunting, etc",t5_2vq0w,C - 02,C - 27,C - 02,C - 27
31648,"So Brian says. But he refuses to release them.

And I refuse to believe that Frank was going to write something that was such a mess.",be respectful,t5_2rff0,C - 08,C - 08,C - 08,C - 08
13740,"YTA Why abuse your son when you clearly know that therapy is a thing? You are f disgusting. Sending your son away to be ignored is something traumatic, you are cruel","incivility, overly cruel or hostile",t5_2xhvq,C - 14,C - 14,C - 14,C - 14
18034,"Drinbevor Elstner der Mann des Abends wird, weil er als einziger Sahra ordentlich Zunder gibt.",rule b -d party/devils advocate/soapboxing (ops only),t5_2w2s8,C - 27,C - 27,C - 27,C - 27
10602,"No problem -- as a guy I just feel a sense of duty to help share useful knowledge with other guys and let them make informed decisions. 

If you love your wife, then stay with her but otherwise I'd recommend divorcing her and [marrying a Thai or Filipino woman](https://www.youtube.com/watch?v=jDC2khEcUyE) half your age!",not civil,t5_2qky2,C - 10,C - 14,C - 10,C - 14
31811,Minorities have exclusionary spaces for safety. What youâ€™re asking for is discrimination. Youâ€™re a bigot.,rule b -d party/devils advocate/soapboxing (ops only),t5_2w2s8,C - 27,C - 14,C - 27,C - 14
29132,I was not ready for that wench. I am regretting adding the dwemer wenches to this LO now.,rule b -d party/devils advocate/soapboxing (ops only),t5_2w2s8,C - 27,C - 12,C - 27,C - 12
31884,"this post is a cry to the community but not to nintendo. 

everything you asked for in the next switch, are all features found on the ps vita. 

ps4 had less features than ps3, and ps5 has less features than ps4. 

we STILL supporting the companies we all complain about

correction, YOU are supporting the companies you all complain about, .


I stopped investing in these garbage practice a long time ago. 

I don't buy cosmetics. I don't buy battlepass. not even with free points. 

I don't buy new games that I know are just clones of older games. 

I don't buy old games for full price. 

I don't buy old games just because they are on sale for their real price. 

I don't pay for any game I wouldn't enjoy 100%



anyways, 


innovation isn't profitable, everyone is so, absolutely stupid, (most of you, sorry reader, but you did pay 60$ for a game that's 6 years old) 


innovation isn't profitable, so they cut features, and put as little into their product as possible. 


what is so special about the switch? 

the joycon is the most special thing about the switch, and that was a disaster for a while. 


there is nothing special about the switch. it overheats when playing simple games. 
the screen is barely decent. 


the game selection is pathetic. and full of junk.

Nintendo hasn't come out with any new original ideas in a couple decades now. 

it took them 30 years to make a 3d pokemon world. and the 3d pokemon game is mostly just, trees. and fields. 



we continuously get slapped around by these companies and you still have the nerve to ask them for nice things? 



the ps vita came out like over a decade ago. 
it had, 
the ability to call people. you could use the ps vita as a cellphone. 
it had a Sim card, that let you play online anywhere with full connection. 


it had a touchscreen, on the front, and a second touchscreen, on the back, 

both front and rear cameras, not cheap cameras either, 

dual joysticks (pretty awesome upgrade from psp single joystick) 

it had some of the most fun and unique games I've ever seen, that utilized all the ps vita innovative features. 




that was my favorite console, and my favorite Era of gaming, 

after 2013/2014 began the age of monetization of all things. 

along with that, companies decided innovation is not as profitable, 

they have the financial influence to control what people do.

they can cut all features and leave us with nothing, and we still smile, defend the business, and shell out cash, for trash and spit in our face, 


fully immersive vr gaming could be something we've been had as common as any console, 

but nobody invested in innovation, so we still play games the same way we did on wii and ps2, 


honestly, 


how is the switch different from a Nintendo ds? it has less features. 


the ds. the original first ds, had more features than the switch. 



this is pathetic, everyone praising the switch, people suggesting ""ohh hey Nintendo, you know what would be cool, if you gave us cool stuff to do"" 

they are laughing at you. 


please, kill off any hope or positivity you have for the company, 

the next console is going to sell you games you already have on the switch, for 60$, 

we won't even need that console, but they are going to convince you to get it, and then convince you to re-buy those games. at full price. 


this really isn't just a rant, 


I'm honestly scared of how dumbed down society is, 


because it's actually all of your faults, all of you paid for this, all of you supported this, 

just because you complain about it on reddit doesn't excuse the fact YOU ARE STILL GIVING THEM ALL THE MONEY THEY ASKED FOR. 



-buy battlefield 2042
-hates battlefield 2042
-why did you buy battlefield 2042
-the last 6 battlefield games have been garbage, why would you pay 100$ for the new battlefield?


do you people really not see my point? 


battlefield 2042 released with like 12 guns 
battlefield 4 released with like 70 or 80 guns. 

seriously, people are this stupid.","no hate-speech, personal attacks or harassment",t5_3h47q,C - 04,C - 08,C - 04,C - 08
14982,"Are there any rules about u/RyFisch using a second account, u/MrPuffalo to be toxic?

It's like Dr. Jekyl and Mr. Hyde",rule b -d party/devils advocate/soapboxing (ops only),t5_2w2s8,C - 27,C - 31,C - 27,C - 31
18515,"â€œStaying to run the neo Underground Railroad feels like what I was born forâ€

That doesnâ€™t sound delusional to you?",this person is being excessively incivil,t5_2vjre,C - 30,C - 30,C - 30,C - 30
28982,Canâ€™t believe so many people are club > country. My best time as a football fan apart from promotion are world cup 2018 and euros 2021. Absolutely nothing like an international tournament. England at a major tournament >>> everything else.,rule b -d party/devils advocate/soapboxing (ops only),t5_2w2s8,C - 27,C - 14,C - 27,C - 14
29850,"Serve that shit bag papers, he doesn't deserve you. If he was worth anything he'd learn to cook what he liked and serve it for you. Then the two of you could take the best from both your families and make your own best.","incivility, overly cruel or hostile",t5_2xhvq,C - 14,C - 14,C - 14,C - 14
17962,"Yep, you're just a jealous b*tech upset that the sister you hate has nice things because she earned them, while every nice thing you had was handed to you. You feel threatened that you no longer have anything to hold over her head, and that she has achieved more than you.","incivility, overly cruel or hostile",t5_2xhvq,C - 14,C - 14,C - 14,C - 14
21138,"I have high hopes for his book. He keeps emphasizing that he is writing this book ""for a very specific purpose that will become obvious once the book is out"". I believe this purpose to be that he wants to write down everything he knows (and can disclose without infringing national security) and have it pass through the Pre-Publication Review process. This will do 3 things:

1. Force the DoD to deeply research internally if any of his information holds water and is in any way protected information. This means that rogue elements either have to officially come forward to block the release (which would be good, because it finally makes them traceable) OR the information will get out into the public (even better).

2. Give Lue officially green light to talk about A LOT more things. The Pre-Publication Review gives him black-on-white what he can and cannot talk about despite his NDA. No more grey areas, hints, breadcrumbs and fuzziness.

3. Plant a flag in the ground, fixing the current progress of disclosure. There will never be any going back from that point onwards.

All of this, of course, relies on Lue to provide truthful information, backed up by evidence. I expect there to be quite a bit of legal back and forth between Lue and the DoD, but luckily he has an excellent attorney, Danny Sheehan.",follow the standards of civility,t5_2qhds,C - 10,C - 08,C - 10,C - 08
31323,you mean the egg noodle cake?,post in a civilized manner,t5_2qhvo,C - 12,C - 12,C - 12,C - 12
2751,Creeper Plane.,"derogatory language, purposefully inciting arguments, personal attacks and threats, or griefing",t5_2r05i,C - 29,C - 27,C - 29,C - 27
22646,it'll still be 699 when u turn it around,being uncivil,t5_2sokd,C - 13,C - 14,C - 13,C - 14
11793,this is really pedantic.,be respectful,t5_2rff0,C - 08,C - 08,C - 08,C - 08
912,"You are just a nurse, get down from your high horse. Not a doctor, not a lawyer, not a engineer, just a nurse. So stfu","incivility, overly cruel or hostile",t5_2xhvq,C - 14,C - 14,C - 14,C - 14
30174,"Thank you!  I may take you up on this.    

My biggest challenge before pulling the trigger is getting my wife time off.   Sheâ€™s a teacher and itâ€™s finals week right before Christmas, so arranging flights in time for the peak holiday stuff is not possible.   If all goes well, Iâ€™ll get a sub for her so we can arrive a few days before Christmas Eveâ€¦and stay through Julian New Years.",post in a civilized manner,t5_2qhvo,C - 12,C - 14,C - 12,C - 14
24619,Obi Wan dies at the end of first episode. Spoiler alert.,"incivility, overly cruel or hostile",t5_2xhvq,C - 14,C - 12,C - 14,C - 12
14388,Congrats to Mrs and Mr Jeweltones! Wishing you both a life time of love and happiness!,"no uncivil behavior, witchhunting, etc",t5_2vq0w,C - 02,C - 27,C - 02,C - 27
17331,!I all,rule b -d party/devils advocate/soapboxing (ops only),t5_2w2s8,C - 27,C - 27,C - 27,C - 27
4743,"If it's like most M/RS/AMG models, it's probably around -2.5* at a starting point.

Edit: too aggressive. -2* is a realistic, very aggressive top end.","don't troll, harass, or encourage downvotes",t5_2zejk,C - 27,C - 02,C - 27,C - 02
10642,Is it strictly biotechs or a paper trading competition for our biotech subreddit that can trade any stocks?,"no hate-speech, personal attacks or harassment",t5_3h47q,C - 04,C - 14,C - 04,C - 14
16885,This guy would rather lick the floor next to a public toilet than some pavement out in the middle of nowhere. Maybe it's a kink,rule b -d party/devils advocate/soapboxing (ops only),t5_2w2s8,C - 27,C - 14,C - 27,C - 14
27878,You sound like a spastic monkey ðŸ˜¢,"incivility, overly cruel or hostile",t5_2xhvq,C - 14,C - 14,C - 14,C - 14
1182,"""It's just what everybody is thinking!""",rule b -d party/devils advocate/soapboxing (ops only),t5_2w2s8,C - 27,C - 08,C - 27,C - 08
14627,"Yo brother of OP, end yourself.",civility,t5_hcycg,C - 10,C - 14,C - 10,C - 14
24222,"After Crystal Skull, I had to erase all Indiana Jones movies from my memory. Also I am terrified about the upcoming movie.",be friendly,t5_2qho4,C - 06,C - 08,C - 06,C - 08
10750,I used to Sab and this is par for the course. Not forgetting the police being at the beck and call of the hunts whilst doing nothing about their assaults on sabs. I remember being in a fight with them and Iâ€™m shocked nobody died. Fucking scum.,"incivility, overly cruel or hostile",t5_2xhvq,C - 14,C - 14,C - 14,C - 14
22401,"Yeah, I wish I could say what I really thought about attacks like this, but I'm not interested in getting banned.

I just wonder how many more hundreds of attacks like this will take place across tens of years before something finally changes. And change won't come except if it is forced.",post in a civilized manner,t5_2qhvo,C - 12,C - 08,C - 12,C - 08
27728,"I have no clue what the NRA says or does or what the hell they believe in, Iâ€™m not a member, never have been, never will be. ðŸ˜‚ðŸ˜‚ðŸ˜‚ you sound like an attorney with that â€œ so what your saying is â€œ ðŸ˜‚ðŸ˜‚ðŸ˜¬ no you little pecker wood, try again, but that part about money laundering, shit thatâ€™s possible, the government is full of organizations that launder money for both sides while we set back and scrap pennies to pay for fuel to go to work to make more pennies to pay for more fuel. ðŸ˜",be friendly,t5_2qho4,C - 06,C - 06,C - 06,C - 06
16750,"No, we don't, but the problem is that new players are getting false expectations from them. As a result, they hit a wall way too quickly & complain about it, then quit. That's not a sustainable way to grow the game, which will only get worse as more worlds are released & new players somehow feel even more rushed to reach the latest content. 

Even if it's easy enough now, just wait til a basic world releases & those who've relied on FP so far have that crutch kicked out from under them; the salt will flow like never before.",civility,t5_hcycg,C - 10,C - 14,C - 10,C - 14
18524,"My favorite libertarian position is how â€œbig techâ€ is just censoring everyone and that the first amendment isnâ€™t working properly. You all advocate for corporate fascism until it affects you then itâ€™s a free speech issue and Twitter should be forced to air your Nazi friendsâ€™ racist rhetoric. Same with hospitals who fire dumbshit doctors and nurses for not getting vaccinated, itâ€™s all FREEDUMB with you guys until it affects you personally then itâ€™s everyone stomping on your rights when itâ€™s just them protecting their own rights. So transparent. Twitter censors your Russian disinformation and youâ€™re all up in arms about censorship from a private company and this is why not many take your political positions seriously.",rule b -d party/devils advocate/soapboxing (ops only),t5_2w2s8,C - 27,C - 08,C - 27,C - 08
1802,You seem to be focused on trans women a lot. I donâ€™t think this question is genuine. I think you should just [come out about your attraction](https://www.scientificamerican.com/article/homophobes-might-be-hidden-homosexuals/) instead of blaming â€œthemâ€ for â€œlooking too much like womenâ€,rule b -d party/devils advocate/soapboxing (ops only),t5_2w2s8,C - 27,C - 06,C - 27,C - 06
16310,What the absolute FUCK is wrong with you?! She just lost her baby and THAT is the first thing you think of? 100% fuck you OP. YTA.,"incivility, overly cruel or hostile",t5_2xhvq,C - 14,C - 14,C - 14,C - 14
3303,Wow dude I just gave mine a quick brush with my toothbrush (lol) and it is 80% as shiny as when I first got it. Wish I had before and after pics to show just how much a difference it made. Thank you so much! You think if I leave it covered in toothpaste overnight it would get any better?,"no hate-speech, personal attacks or harassment",t5_3h47q,C - 04,C - 12,C - 04,C - 12
30130,"I write exclusively in third person, but I find first person easier because I and me wonâ€™t get mixed up with her, him, he, she, and his. In third person, itâ€™s a nightmare when two people of the same sex get together. At the climax of my story, Iâ€™m going to have 3 women and 8 men in the same room. Itâ€™s terrifying just thinking about all those pronouns.","no uncivil behavior, witchhunting, etc",t5_2vq0w,C - 02,C - 08,C - 02,C - 08
32894,I had to scroll so long to find a reasonable commenter ðŸ˜­ Heâ€™s being a baby for complaining about it over and over - itâ€™s really not that serious - but for her to assert that he was obligated to help when he was just tagging along for her businessâ€¦nah girl,"incivility, overly cruel or hostile",t5_2xhvq,C - 14,C - 14,C - 14,C - 14
8804,"The dehumanizing language is frightening, it's like seeing a genocide being planned before you. You can see the hate and fury in their words and in their eyes. They've started asking when they can start pulling triggers to politicians, it's only a matter of time till they try to adapt the turner diaries into reality.",be respectful to others,t5_2qhw9,C - 08,C - 08,C - 08,C - 08
4398,"I did already post this story here but I think I'll delete mine, your article is much better than the BBC one.",post in a civilized manner,t5_2qhvo,C - 12,C - 08,C - 12,C - 08
7723,I have a friend who works from morning to late night he hardly has time to do anything else anymore so he doesn't really have time for God but if he quits his job he won't have money to eat. So for him job and money are on the 1st place. Basically it would count as sin but theoretically he didn't choose this lifestyle it choosen him.,treat people kindly,t5_2qqbz,C - 06,C - 08,C - 06,C - 08
13983,Why does the event matter? Are you brain damaged?,"incivility, overly cruel or hostile",t5_2xhvq,C - 14,C - 14,C - 14,C - 14
21484,Wake up. There are others things out there besides your scrimbo bimbo Mario or Zelda.,"no hate-speech, personal attacks or harassment",t5_3h47q,C - 04,C - 14,C - 04,C - 14
8769,"You literally asked if your the asshole for being bothered. 

You came here and asked us to tell you.i how you should feel.","incivility, overly cruel or hostile",t5_2xhvq,C - 14,C - 14,C - 14,C - 14
28766,And one thing we all agree on is that a Bidenzheimer is better than a Harris presidency.,"no uncivil behavior, witch hunting, etc",t5_3560n,C - 02,C - 08,C - 02,C - 08
3469,"Yes, you absolutely should have to pay for that stuff because you are old enough to work, brat.","incivility, overly cruel or hostile",t5_2xhvq,C - 14,C - 14,C - 14,C - 14
32002,[deleted],general conduct,t5_2we2n,C - 10,C - 13,C - 10,C - 13
9455,Really rich that you want a history of no trolling on this sub when the moderation team has been proven to collude with trolls that used to post here in order to take over other regional subreddits,"egregious swearing, name calling, or slurs",t5_2qi2i,C - 29,C - 31,C - 29,C - 31
25375,"You must be a loser than,in just 1 month i got the skyscale and the griffon + all the other basic mount without paying anything.   
If you cry about grinding some achievements/quests then just go play Call of Duty or something other than MMO genre game, cuz it's ""timegate"" lmao. If you just dont have time to invest your in the wrong sub.",toxic behavior,t5_2qlxw,C - 14,C - 14,C - 14,C - 14
32725,"Not a troll attempt and I seem to be doing well with the moderators. There is still a such thing as freedom of speech as much as they are trying to stop it. And just because you don't like what I'm saying doesn't mean anything, you can't do anything to me and the MODS aren't coming to save you because you aren't being harmed. This is the softest Era of all time.",civility,t5_hcycg,C - 10,C - 06,C - 10,C - 06
32959,"Location: Alabama

For context, I live in the deep south, in very rural, very red Alabama. I've seen the descent of my grandmother into Christian political extremism. I went to church with her a few days ago. Her preacher rails against ""the world out there"" and calls for rapture. They actively want the world to end. My grandmother blames trans people, gay people, and racial minorities for all of her woes, and so do many rightists in my area. Minorities are not safe.
On Roe v. Wade: It's nothing new or surprising, but people in my area are ecstatic over the abortion ruling. Abortion is now illegal in my state without exceptions for rape or incest. Individuals who provide abortion services can be faced with up to 99 years in prison. It baffles me that people, especially women, are celebrating this.",be respectful to others,t5_2qhw9,C - 08,C - 08,C - 08,C - 08
22159,Youâ€™re wrong the LRT plans on the metro line website shows king as 2 way with 1 lane in each direction.,"incivility, overly cruel or hostile",t5_2xhvq,C - 14,C - 14,C - 14,C - 14
15802,[deleted],being a dick,t5_2rq8n,C - 13,C - 13,C - 13,C - 13
23932,"""problem"", negative. We're a red state. Please move to California.",be friendly,t5_2qho4,C - 06,C - 08,C - 06,C - 08
25598,"If someone actually would ever want to have sex with me, like genuinely want it, I'd be afraid I pass out or something before I could even talk to them. 

Haha *self burn* 

(I'm not crying you're crying. Fuck off.)",disrespectful/objectifying/not constructive,t5_2qh3p,C - 16,C - 16,C - 16,C - 16
406,So does that mean that you can almost with 100% certainty get erogenous sensation in your dick if you pay for the MRI and find the nerve?,be polite &amp; practice mutual respect,t5_1b9104,C - 07,C - 06,C - 07,C - 06
32475,"Iâ€™ve posted on this sub many times on land use related items. 

But honestly, you can go fuck yourself keyboard warrior.",personal attack,t5_2rawz,C - 31,C - 31,C - 31,C - 31
23860,"&gt;In my opinion no.

And that's where we disagree. Stop being a fascist dictator.",rule b -d party/devils advocate/soapboxing (ops only),t5_2w2s8,C - 27,C - 14,C - 27,C - 14
11107,"When you see someone constantly leave messes for you or not understand that they are constantly leaving more work for you, they become less attractive. You don't just maintain desire for them no matter what they act or look like. Desire is contingent on how you perceive someone. Only a fucking man would expect to be desired no matter what they act like lmao.",disrespectful/objectifying/not constructive,t5_2qh3p,C - 16,C - 14,C - 16,C - 14
25560,I don't really mind it though. I just wanna get over my insecurities,disrespectful/objectifying/not constructive,t5_2qh3p,C - 16,C - 16,C - 16,C - 16
9162,"Suggestion Request - hankering for a JRPG. Iâ€™m a bit of a noob here. Played FF7, 8, 9 & 10 as a child, and routinely play all four. Have also played ff12, 13, 15 but they donâ€™t scratch the itch for me.

Also worth saying I played ff6 for the first time a couple years back, and just couldnâ€™t get into it the same was as Iâ€™d hoped I would - the multitude of character perspectives didnâ€™t land for me, and I felt some crazy power spike moments that didnâ€™t feel terribly balanced - but I understand people generally think itâ€™s the best one.

The last jrpg I loved was persona 5. I like turn based, and I like that vibe it has - can anyone recommend anything I might enjoy? Iâ€™m thinking Octopath?","incivility, overly cruel or hostile",t5_2xhvq,C - 14,C - 14,C - 14,C - 14
3445,"This screams ""I uSeD tO bE An aThEIsT"" that is all too common as a poor apologetic in christian circles.  

When you say ""Raised very devoutly Catholic"" then ""staunch atheist"" then ""joined the church"", I don't actually believe you were ever as ""staunch atheist"".  I just don't believe you.  The tone you are exuding is also not genuine.  You are not asking in good faith.   There is a definite belittling in your post.",not civil,t5_2qky2,C - 10,C - 08,C - 10,C - 08
2574,"Yes, but it's a a discrete case of what *could* happen, vs what likely will happen. 

Single entities don't act in the same way companies generally do.","do not personally attack fellow redditors; respect privacy, be encouraging, use your manners",t5_2qupf,C - 12,C - 08,C - 12,C - 08
3545,"I want to be optimistic, and I certainly hope they succeed in achieving a positive fusion rate, but Fusion has always been ""10 Years away"" for half a century.

We're getting close as a species, and someone will do it but even so it'll be too late for Global Warming at this point for any economically scalable fusion design. Useful for space exploration though.","harassment, pestering, insistence upon debate, etc",t5_2qh6c,C - 14,C - 08,C - 14,C - 08
2367,Thank you for you advice,be friendly,t5_2qho4,C - 06,C - 14,C - 06,C - 14
8595,"Oh....rare? Well, I diagnose it in my head....it's called hypochondria idyit syndrome! Come across it at least 7 times a day.

Very common disease? But rarely to never actually diagnosed to the sufferer.
It seems to be best to treat symptoms and leave person blissfully unaware.","unprofessional, rude, or inappropriate behaviour",t5_2qhff,C - 16,C - 30,C - 16,C - 30
24926,">Don't come out with overtly sexual come ons to strangers, etc. and so on.

I have never done that and never will. I'm a normal human being fyi. I'm just scared of acting sexual to my own future wife and getting these kinds of reactions and comments.",be nice,t5_2udkc,C - 06,C - 06,C - 06,C - 06
28615,"Simple

USA - Till Date: 85.4 million Covid 19 Cases and 1.01 million death

China (Main Land)- Till Date: 886 thousand Covid case and 5,226 Death

And please don't tell me China hide their figures.",r be respectful,t5_2qh2v,C - 08,C - 08,C - 08,C - 08
3528,"Son, you've written entire dissertations on here being transphobic, 0 upvotes. Not even internet strangers can be fucked to read what you say. 

Goodbye, bigot.",rule b -d party/devils advocate/soapboxing (ops only),t5_2w2s8,C - 27,C - 14,C - 27,C - 14
21279,"&gt;both sides, both sides

shut up",be respectful to others,t5_2qhw9,C - 08,C - 14,C - 08,C - 14
22621,"There is actually method to the madness

B = battery powered

Z = zero emission

4 = relative size in the lineup

X= AWD

I believe that's how it is. That means that the FWD version should be called bz4",no personal attacks or uncivil behavior,t5_2qwzm,C - 02,C - 02,C - 02,C - 02
19677,What would u offer for golden uni,"incivility, overly cruel or hostile",t5_2xhvq,C - 14,C - 14,C - 14,C - 14
6202,"Don't be dumb.

It was a retort.

Jacob isn't obligated to pay back OP for raising his kid.

OP isn't obligated to pay for Jacob's wedding.

You get the point?","incivility, overly cruel or hostile",t5_2xhvq,C - 14,C - 14,C - 14,C - 14
